{
	"providers": [
		{
			"type": "bitmap",
			"file": "minecraft:font/custom/server.png",
			"ascent": 8,
			"height": 8,
			"chars": ["\uE002"]
		},
		{
			"type": "bitmap",
			"file": "minecraft:font/custom/legendary.png",
			"ascent": 8,
			"height": 8,
			"chars": ["\uE003"]
		},
		{
			"type": "bitmap",
			"file": "minecraft:font/custom/shiny.png",
			"ascent": 8,
			"height": 8,
			"chars": ["\uE004"]
		},
		{
			"type": "bitmap",
			"file": "minecraft:font/custom/mythical.png",
			"ascent": 8,
			"height": 8,
			"chars": ["\uE005"]
		},
		{
			"type": "bitmap",
			"file": "minecraft:font/custom/trainerrank.png",
			"ascent": 8,
			"height": 8,
			"chars": ["\uE006"]
		},
		{
			"type": "bitmap",
			"file": "minecraft:font/custom/acerank.png",
			"ascent": 8,
			"height": 8,
			"chars": ["\uE007"]
		},
		{
			"type": "bitmap",
			"file": "minecraft:font/custom/leaderrank.png",
			"ascent": 8,
			"height": 8,
			"chars": ["\uE008"]
		},
		{
			"type": "bitmap",
			"file": "minecraft:font/custom/eliterank.png",
			"ascent": 8,
			"height": 8,
			"chars": ["\uE009"]
		},
		{
			"type": "bitmap",
			"file": "minecraft:font/custom/masterrank.png",
			"ascent": 8,
			"height": 8,
			"chars": ["\uE010"]
		},
		{
			"type": "bitmap",
			"file": "minecraft:font/custom/championrank.png",
			"ascent": 8,
			"height": 8,
			"chars": ["\uE011"]
		},
		{
			"type": "bitmap",
			"file": "minecraft:font/custom/mythicrank.png",
			"ascent": 8,
			"height": 8,
			"chars": ["\uE012"]
		},
		{
			"type": "bitmap",
			"file": "minecraft:font/custom/helperrank.png",
			"ascent": 8,
			"height": 8,
			"chars": ["\uE013"]
		},
		{
			"type": "bitmap",
			"file": "minecraft:font/custom/leaguehostrank.png",
			"ascent": 8,
			"height": 8,
			"chars": ["\uE014"]
		},
		{
			"type": "bitmap",
			"file": "minecraft:font/custom/modrank.png",
			"ascent": 8,
			"height": 8,
			"chars": ["\uE015"]
		},
		{
			"type": "bitmap",
			"file": "minecraft:font/custom/developerrank.png",
			"ascent": 8,
			"height": 8,
			"chars": ["\uE016"]
		},
		{
			"type": "bitmap",
			"file": "minecraft:font/custom/soffrank.png",
			"ascent": 8,
			"height": 8,
			"chars": ["\uE017"]
		},
		{
			"type": "bitmap",
			"file": "minecraft:font/custom/soffvariant.png",
			"ascent": 8,
			"height": 8,
			"chars": ["\uE018"]
		},
		{
			"type": "bitmap",
			"file": "minecraft:font/custom/betarank.png",
			"ascent": 8,
			"height": 8,
			"chars": ["\uE019"]
		}
	]
}